timestamp,time_utc,up_price,down_price,combined,up_volume,down_volume,trades
1767867575,10:19:35,0.49000000000000005,0.51,1.0,10.0,10.0,2
1767943352,07:22:32,0.4900000026775001,0.5099999973225,1.0,78.431371,78.431371,2
1767945820,08:03:40,0.5,,,2.0,0,1
1767945824,08:03:44,0.4900001683001128,0.5099998316998873,1.0,1.960783,1.960783,2
1767946534,08:15:34,0.495,0.51,1.005,10.0,5.0,3
1767948418,08:46:58,0.5,,,2.0,0,1
1767948502,08:48:22,0.5,0.5,1.0,4.0,3.0,2
1767948740,08:52:20,,0.5,,0,10.0,2
1767949140,08:59:00,0.4900001683001128,0.5099998316998873,1.0,1.960783,1.960783,2
1767949248,09:00:48,0.49,0.51,1.0,6.0,6.0,2
1767949364,09:02:44,,0.5,,0,5.9,1
1767950116,09:15:16,0.5,0.5,1.0,2.0,2.0,2
1767950144,09:15:44,0.5,0.5,1.0,5.0,5.0,2
1767950320,09:18:40,0.5,0.5,1.0,287.0,277.0,6
1767950408,09:20:08,0.5,0.5,1.0,2.0,2.0,2
1767950442,09:20:42,0.5,0.5,1.0,2.0,2.0,2
1767950648,09:24:08,0.5,0.5,1.0,2.0,2.0,2
1767950742,09:25:42,0.5,0.5,1.0,212.0,212.0,4
1767951000,09:30:00,0.49000000892500034,0.5099999910749997,1.0,39.215685,39.215685,2
1767951142,09:32:22,,0.5,,0,38.6,1
1767951744,09:42:24,,0.5,,0,10.0,1
1767952100,09:48:20,0.5,0.5,1.0,5.0,5.0,2
1767952280,09:51:20,0.5,0.5,1.0,10.0,10.0,4
1767952316,09:51:56,0.5,0.5,1.0,40.0,40.0,2
1767952328,09:52:08,0.5,0.5,1.0,241.65,221.65,6
1767952332,09:52:12,0.5099999999999999,0.49,0.9999999999999999,155.24,155.24,2
1767952334,09:52:14,0.5099999868012411,0.4900000131987588,1.0,18.941175,18.941175,2
1767952336,09:52:16,0.5099999922130241,0.49000000778697583,0.9999999999999999,106.588233,106.588233,4
1767952338,09:52:18,0.5099999935566613,0.49000000644333885,1.0,51.215683,51.215683,4
1767952340,09:52:20,0.5099999954895765,0.49000000451042347,1.0,31.039214,31.039214,2
1767952460,09:54:20,0.49000000000000005,0.51,1.0,5.0,5.0,2
1767952640,09:57:20,0.49000000000000005,0.51,1.0,5.0,5.0,2
1767952756,09:59:16,0.5091666666666667,0.49029411764705877,0.9994607843137254,180.0,170.0,7
1767952794,09:59:54,0.5099998299999151,0.49000017000008506,1.0000000000000002,2.35294,2.35294,2
1767952804,10:00:04,0.5079920925895084,0.4920079074104917,1.0,9.960783,9.960783,6
1767952810,10:00:10,0.51,0.49,1.0,9.8,27.96,3
1767952818,10:00:18,0.508,0.492,1.0,250.0,250.0,6
1767952854,10:00:54,0.5099998299999151,0.49000017000008506,1.0000000000000002,2.35294,2.35294,2
1767952924,10:02:04,0.5,0.5,1.0,10.0,10.0,2
1767952954,10:02:34,0.5,0.5,1.0,14.0,14.0,2
1767952998,10:03:18,0.5,0.5,1.0,50.0,50.0,2
1767953000,10:03:20,0.5,0.5,1.0,200.0,200.0,4
1767953010,10:03:30,0.5,0.5,1.0,5.0,5.0,2
1767953038,10:03:58,0.5,0.5,1.0,6.720000000000001,6.720000000000001,4
1767953090,10:04:50,0.51,0.49000000000000005,1.0,2530.22,2130.2200000000003,16
1767953106,10:05:06,0.52,0.48000000000000004,1.0,9.0,9.0,3
1767953110,10:05:10,0.519999989599995,0.48000001040000495,1.0,3.846152,3.846152,2
1767953122,10:05:22,0.5199999810909081,0.480000018909092,1.0,21.153845,21.153844999999997,3
1767953130,10:05:30,0.5100000098000007,0.48999999019999935,1.0,22.448978,22.448978,2
1767953178,10:06:18,0.51,0.49,1.0,59.55,150.0,7
1767953180,10:06:20,0.5,0.496545,0.996545,65.45,100.0,4
1767953190,10:06:30,0.5,0.5,1.0,2.4,2.4,2
1767953286,10:08:06,0.5099999879454538,0.4900000120545463,1.0,21.568626,21.568626,2
1767953294,10:08:14,0.5099999952399998,0.49,0.9999999952399998,58.823528,28.43,2
1767953302,10:08:22,0.5099999952399998,,,58.823528,0,1
1767953316,10:08:36,0.5099999952399998,0.49000000582683545,1.0000000010668353,58.823528,48.053528,3
1767953332,10:08:52,0.5099999987759999,0.490000001224,0.9999999999999999,49.019606,49.019606,2
1767953356,10:09:16,0.51,0.49,1.0,250.0,250.0,6
1767953358,10:09:18,0.5,0.5,1.0,100.0,100.0,3
1767953360,10:09:20,0.5,0.5,1.0,140.0,140.0,20
1767953376,10:09:36,0.5049504096411905,0.4950495903588095,1.0,4.75294,4.75294,5
1767953410,10:10:10,0.51,0.49,1.0,205.0,205.0,6
1767953412,10:10:12,0.51,0.49,1.0,50.0,50.0,2
1767953416,10:10:16,0.51,0.49,1.0,50.0,50.0,2
1767953422,10:10:22,0.5,0.5,1.0,84.75,105.0,10
1767953438,10:10:38,0.51,0.4901185770750988,1.0001185770750989,200.0,202.4,4
1767953442,10:10:42,0.5099998299999151,0.49000017000008506,1.0000000000000002,2.35294,2.35294,2
1767953444,10:10:44,0.5099999988093542,0.4900000011906458,1.0,495.529409,495.529409,4
1767953460,10:11:00,0.5099999955799998,0.49000000442000025,1.0,29.411763,29.411763,2
1767953466,10:11:06,,0.5,,0,7.0,1
1767953486,10:11:26,0.5099999982999994,0.4900000017000006,1.0,5.882351,5.882351,2
1767953502,10:11:42,,0.5,,0,20.0,1
1767953504,10:11:44,0.5099999879454538,0.4900000120545463,1.0,21.568626,21.568626,2
1767953506,10:11:46,0.51,0.49,1.0,90.88,90.88,2
1767953518,10:11:58,0.5099999974637838,0.49000000253621623,1.0,90.686273,90.686273,2
1767953522,10:12:02,0.51,0.49,1.0,9.52,9.52,2
1767953530,10:12:10,0.5099999903999997,0.4900000096000004,1.0,33.333332,33.333332,3
1767953534,10:12:14,0.5099999785799988,0.49000002142000126,1.0,19.607842,19.607842,2
1767953536,10:12:16,0.5099999795999968,0.4937965390865051,1.0037965186865019,9.80392,15.80392,3
1767953550,10:12:30,0.51,0.49000000000000005,1.0,5.0,5.0,2
1767953554,10:12:34,0.51,0.49,1.0,9.52,9.52,2
1767953556,10:12:36,0.50999999847,0.49000000153000006,1.0,196.07843,196.07843,3
1767953564,10:12:44,0.5099999982999994,0.4900000017000006,1.0,5.882351,5.882351,2
1767953566,10:12:46,0.5099999992690001,0.49000000073100003,1.0,588.235293,588.235293,4
1767953572,10:12:52,,0.5,,0,10.0,1
1767953586,10:13:06,0.51,0.49,1.0,9.52,9.52,2
1767953592,10:13:12,,0.5,,0,30.0,2
1767953594,10:13:14,0.51,0.49,1.0,150.0,150.0,7
1767953596,10:13:16,0.51,0.49,1.0,164.0,164.0,6
1767953598,10:13:18,,0.5,,0,1000.0,1
1767953600,10:13:20,0.5099999975086966,0.49000000249130343,1.0,264.921566,264.921566,4
1767953602,10:13:22,0.5099999785799988,0.49000002142000126,1.0,19.607842,19.607842,2
1767953610,10:13:30,0.5099998316998873,0.4900001683001128,1.0,1.960783,1.960783,2
1767953612,10:13:32,0.5099999983607142,0.4942148770606516,1.0042148754213658,54.901959,94.901959,4
1767953616,10:13:36,0.51,0.49,1.0,5.2,5.2,2
1767953620,10:13:40,0.5099999910458011,0.490000008954199,1.0,51.372546,51.372546,4
1767953624,10:13:44,0.51,0.4938659793814433,1.0038659793814433,9.52,15.52,3
1767953626,10:13:46,,0.5,,0,310.0,2
1767953628,10:13:48,0.5,0.5,1.0,200.0,548.35,11
1767953634,10:13:54,0.5,0.5003164501649374,1.0003164501649375,60.0,61.960783,3
1767953636,10:13:56,,0.5099998316998873,,0,1.960783,1
1767953640,10:14:00,0.5,0.5,1.0,12.0,12.0,4
1767953644,10:14:04,0.5,0.5066224869194252,1.0066224869194254,2.0,5.921567,3
1767953648,10:14:08,,0.5058727073013832,,0,16.693919,3
1767953656,10:14:16,0.5,0.5,1.0,9.52,9.52,2
1767953658,10:14:18,,0.5099999795999968,,0,9.80392,1
1767953662,10:14:22,0.5,0.5,1.0,2.0,2.0,2
1767953664,10:14:24,0.5,0.5,1.0,42.0,42.0,4
1767953666,10:14:26,0.5,0.5,1.0,347.72,322.72,10
1767953668,10:14:28,0.5,0.5,1.0,6.0,6.0,2
1767953670,10:14:30,0.5087439561484003,0.491048862918726,0.9997928190671264,648.066665,633.066665,10
1767953672,10:14:32,0.5,0.5,1.0,49.0,49.0,5
1767953676,10:14:36,,0.5099999992664508,,0,13.632351,2
1767953680,10:14:40,,0.5099999910749997,,0,39.215685,1
1767953684,10:14:44,0.5,0.5071022573948373,1.0071022573948372,8.0,27.607842,3
1767953686,10:14:46,0.509125742174844,0.49111232809579286,1.0002380702706368,194.450979,196.90195799999998,10
1767953692,10:14:52,0.5,0.5088372205514788,1.0088372205514788,6.0,51.600783,7
1767953694,10:14:54,0.5,0.5076895350234291,1.0076895350234292,19.23,83.23,3
1767953696,10:14:56,,0.51,,0,56.0,1
1767953700,10:15:00,,0.5099999871698105,,0,21.823528,1
1767953702,10:15:02,,0.5099999785799988,,0,19.607842,1
1767953704,10:15:04,0.502,0.5015418118466899,1.00354181184669,95.0,91.84,23
1767953706,10:15:06,0.5005061826596283,0.49949381734037157,0.9999999999999999,414.87,414.87,30
1767953708,10:15:08,0.5171337579617835,0.48286624203821665,1.0000000000000002,157.0,157.0,38
1767953710,10:15:10,0.5100000077929179,0.489999992207082,0.9999999999999999,59.027954,59.027954,19
1767953712,10:15:12,0.5127272307882557,0.4873844923612127,1.0001117231494683,117.05307499999999,122.05307499999999,48
1767953714,10:15:14,0.5192771030341057,0.480722929365364,1.0000000323994698,223.13,223.12000000000003,32
1767953716,10:15:16,0.5419737182728348,0.45802628172716514,1.0,343.345243,343.345243,47
1767953718,10:15:18,0.5386835412181643,0.45701827126972305,0.9957018124878874,1241.19526,795.6852599999999,78
1767953720,10:15:20,0.5427593718874578,0.4584539887763091,1.001213360663767,139.557347,119.52734699999999,17
1767953722,10:15:22,0.5428923022435974,0.4584689899885721,1.0013612922321695,59.090906,49.592726,18
1767953724,10:15:24,0.5589112087905302,0.44080730694524234,0.9997185157357726,585.6236479999999,591.623648,67
1767953726,10:15:26,0.5577098659669933,0.4422901340330066,1.0,233.60999500000005,233.60999500000003,39
1767953728,10:15:28,0.5393488797710112,0.4606497022553437,0.9999985820263548,4581.906424000001,4591.906424,87
1767953730,10:15:30,0.5522238734292567,0.4478786585247808,1.0001025319540375,103.423332,108.422219,27
1767953732,10:15:32,0.5570833333333334,0.4429166666666668,1.0000000000000002,48.0,48.0,14
1767953734,10:15:34,0.572348572201983,0.4266190271802022,0.9989675993821852,266.411422,267.17332500000003,52
1767953736,10:15:36,0.5946495807070193,0.4071885137930339,1.0018380945000533,421.507414,503.17407799999995,76
1767953738,10:15:38,0.5757682826014023,0.4240916750728501,0.9998599576742524,210.949753,218.16975300000001,50
1767953740,10:15:40,0.5625744412267023,0.4374255587732977,1.0,28.2807,28.2807,13
1767953742,10:15:42,0.5711489185525445,0.42885108144745565,1.0,147.96558,147.96558,25
1767953744,10:15:44,0.5768741520302201,0.42287601362070654,0.9997501656509267,256.633556,247.633556,23
1767953746,10:15:46,0.5743130239459263,0.42552480239431256,0.9998378263402389,78.35123899999999,89.70123899999999,27
1767953748,10:15:48,0.5761748786205136,0.42397759889775993,1.0001524775182735,404.34015199999993,388.840152,75
1767953750,10:15:50,0.5708413286323331,0.42940695389661243,1.0002482825289456,121.525057,172.40342599999994,46
1767953752,10:15:52,0.5783508630697185,0.42178078784538303,1.0001316509151015,917.8485619999999,932.5501879999999,44
1767953754,10:15:54,0.5706589167199948,0.42934108328000525,1.0,191.490694,191.490694,40
1767953756,10:15:56,0.575103924140322,0.42489607585967804,1.0,15.674413999999999,15.674413999999999,10
1767953758,10:15:58,0.5685451464145916,0.4313440906514704,0.999889237066062,60.624183,65.61976299999999,28
1767953760,10:16:00,0.5770242844113326,0.4229757155886673,0.9999999999999999,133.426582,133.426582,24
1767953762,10:16:02,0.580596974792197,0.4193089922694487,0.9999059670616457,452.671978,391.071978,69
1767953764,10:16:04,0.5892165980284827,0.41080218509335487,1.0000187831218375,459.53551699999997,448.775517,35
1767953766,10:16:06,0.5902049149108266,0.40977316199203995,0.9999780769028666,1395.705119,1260.8151189999999,62
1767953768,10:16:08,0.5881695958688661,0.4116328551975608,0.999802451066427,362.95622299999997,259.88622300000003,41
1767953770,10:16:10,0.5832393606917425,0.41690206220875703,1.0001414229004997,109.527445,114.52744500000001,33
1767953772,10:16:12,0.5831279072933497,0.41704493340084914,1.0001728406941988,427.426338,452.426338,31
1767953774,10:16:14,0.5810912761746764,0.41890872382532357,1.0,498.252388,498.252388,36
1767953776,10:16:16,0.5851631030400342,0.4147611151987645,0.9999242182387986,229.63918999999999,251.35720099999995,56
1767953778,10:16:18,0.5900914119638492,0.40857736956671975,0.9986687815305689,547.012206,35.147069,38
1767953780,10:16:20,0.5916451488989131,0.408447052941002,1.000092201839915,211.71534699999998,224.28534699999997,81
1767953782,10:16:22,0.5900000231849158,0.40999997681508404,0.9999999999999999,99.20243,99.20243,20
1767953784,10:16:24,0.5987641623681127,0.40123583763188747,1.0000000000000002,203.080885,203.080885,50
1767953786,10:16:26,0.593995153771815,0.40532977446308965,0.9993249282349046,43.344224000000004,48.834224,13
1767953788,10:16:28,0.5904835808229811,0.409516419177019,1.0,47.909344,47.909344,14
1767953790,10:16:30,0.5900000969892765,0.4074669000022889,0.9974669969915654,4.536584,32.897963,7
1767953792,10:16:32,0.5986655660017992,0.40228367916636815,1.0009492451681674,136.167394,79.567394,19
1767953794,10:16:34,0.6223700410890086,0.37969219003389465,1.0020622311229033,533.3392259999999,594.639226,78
1767953796,10:16:36,0.6270603897997438,0.3729255343150713,0.999985924114815,346.3416849999999,358.26249399999995,63
1767953798,10:16:38,0.6435838975898046,0.3566363497469313,1.0002202473367359,414.15564,436.69563999999997,76
1767953800,10:16:40,0.6488015917701113,0.3506975074718995,0.9994990992420107,326.20941700000003,348.859417,73
1767953802,10:16:42,0.6633334280218895,0.3352952265968237,0.9986286546187133,248.18205,175.84204999999997,50
1767953804,10:16:44,0.6738353865470812,0.32524169481713,0.9990770813642111,219.117875,176.617875,46
1767953806,10:16:46,0.6860413089034185,0.31407605949684997,1.0001173684002684,273.575357,308.165357,51
1767953808,10:16:48,0.6931902446693327,0.3056672935296693,0.9988575381990019,162.27644700000002,159.046447,41
1767953810,10:16:50,0.7016724471468695,0.2981199838504142,0.9997924309972837,367.72665800000004,327.126658,55
1767953812,10:16:52,0.7099167323128508,0.29008583982043273,1.0000025721332835,1585.2178020000001,1537.7178020000001,57
1767953814,10:16:54,0.7141352408583096,0.2862341155228746,1.0003693563811842,229.95801999999998,225.95801999999998,51
1767953816,10:16:56,0.7245229991423388,0.27520642688106484,0.9997294260234035,464.33129299999996,502.29129299999994,73
1767953818,10:16:58,0.7303144726447032,0.26969807002679047,1.0000125426714936,876.204416,912.605155,48
1767953820,10:17:00,0.7323546732221502,0.26799215812737226,1.0003468313495225,147.03456799999998,157.491974,47
1767953822,10:17:02,0.7322348457937016,0.2677770286107243,1.000011874404426,273.83560500000004,199.50749799999997,45
1767953824,10:17:04,0.7395584519475988,0.2597737841329535,0.9993322360805523,180.725381,148.535381,37
1767953826,10:17:06,0.7550973647480723,0.24505507524726314,1.0001524399953354,906.8887020000001,898.7887020000001,89
1767953828,10:17:08,0.7733346783817868,0.226926638258006,1.000261316639793,341.95546299999995,357.8854630000001,55
1767953830,10:17:10,0.7828504289418908,0.2153932930036774,0.9982437219455682,118.106091,123.006091,37
1767953832,10:17:12,0.7811001072128974,0.218927829096792,1.0000279363096893,422.1702890000001,433.1702890000001,49
1767953834,10:17:14,0.7852925116135756,0.21501605886907882,1.0003085704826544,97.534777,91.53477700000002,38
1767953836,10:17:16,0.7892237374872028,0.21078832368588846,1.0000120611730912,924.6981119999998,886.0681119999999,49
1767953838,10:17:18,0.785399094332784,0.21088598667169947,0.9962850810044834,282.05879100000004,336.03879099999995,45
1767953840,10:17:20,0.7857941419276383,0.21443104733916016,1.0002251892667984,28.531638,27.081638,14
1767953842,10:17:22,0.7812564388021543,0.2188844064146581,1.0001408452168123,1904.672982,1889.222982,101
1767953844,10:17:24,0.7657209199457133,0.23464649190591416,1.0003674118516275,1188.5308279999997,1206.7208279999998,95
1767953846,10:17:26,0.79690849770132,0.20257379936125125,0.9994822970625712,337.15,335.03,26
1767953848,10:17:28,0.7919734984526084,0.20811653192991006,1.0000900303825184,1275.84701,1336.833674,66
1767953850,10:17:30,0.7886449764506023,0.21132932551983794,0.9999743019704402,646.6086809999999,659.1086809999999,52
1767953852,10:17:32,0.7905742071197754,0.2092077871263526,0.999781994246128,716.6490380000001,746.649038,52
1767953854,10:17:34,0.7928610640920966,0.2073699831606755,1.000231047252772,216.405949,216.40594900000002,53
1767953856,10:17:36,0.8026526754469118,0.1998197682734945,1.0024724437204062,196.915307,69.91,25
1767953858,10:17:38,0.8077087304859488,0.19314372620217848,1.0008524566881274,376.5287429999999,274.428743,41
1767953860,10:17:40,0.8132629870318905,0.1865357666425423,0.9997987536744328,153.720093,144.79009299999998,40
1767953862,10:17:42,0.8113058083626452,0.18865594223941692,0.9999617506020622,223.486063,217.126063,49
1767953864,10:17:44,0.815304180172941,0.18280789284097257,0.9981120730139136,162.32270999999997,271.46271,65
1767953866,10:17:46,0.8159015426501715,0.18267841551032876,0.9985799581605002,218.919238,176.459238,37
1767953868,10:17:48,0.8126045956362875,0.18741830834806605,1.0000229039843536,563.5900750000001,568.590075,36
1767953870,10:17:50,0.81539227219744,0.18863442704191058,1.0040266992393505,92.74797,395.52797,20
1767953872,10:17:52,0.81037327255332,0.1891333890774189,0.9995066616307389,388.78218799999996,409.78218799999996,27
1767953874,10:17:54,0.8156187991186082,0.18438120088139176,1.0,81.086759,81.086759,22
1767953876,10:17:56,0.8143185653943802,0.18432522959894534,0.9986437949933256,82.90044199999998,98.120442,29
1767953878,10:17:58,0.8104607177559967,0.18973010100280763,1.0001908187588042,254.95661600000003,249.956616,22
1767953880,10:18:00,0.8186733040755229,0.1812567972043827,0.9999301012799056,1250.2352720000001,1259.7752719999996,55
1767953882,10:18:02,0.8137064581939605,0.18559284435955664,0.9992993025535171,115.81627999999999,130.32628000000003,36
1767953884,10:18:04,0.8185271751009036,0.18222361970276446,1.000750794803668,392.37536,282.37483199999997,37
1767953886,10:18:06,0.7803338690987901,0.21977378848001816,1.0001076575788082,1194.481015,1172.830367,114
1767953888,10:18:08,0.7605148485228789,0.24057131751601318,1.0010861660388921,242.78947,201.28947000000002,24
1767953890,10:18:10,0.7530910722107873,0.24690892778921275,1.0,74.96104399999999,74.96104399999999,26
1767953892,10:18:12,0.7530801328405592,0.24786489051428476,1.000945023354844,128.668233,185.618233,39
1767953894,10:18:14,0.7392198946326799,0.26107877114953115,1.000298665782211,340.80870500000003,309.05537300000003,66
1767953896,10:18:16,0.7288089352241492,0.27204542121710307,1.0008543564412524,725.6972059999999,660.521446,72
1767953898,10:18:18,0.677327103758643,0.3200560614849931,0.9973831652436361,642.5654289999999,524.615429,94
1767953900,10:18:20,0.664716805982557,0.33671145218485743,1.0014282581674143,90.24849900000001,164.718499,31
1767953902,10:18:22,0.6697064771129585,0.3304439881283913,1.0001504652413498,674.9707050000001,627.9984579999999,44
1767953904,10:18:24,0.6676972092799637,0.33058381287817595,0.9982810221581396,99.87909800000001,308.319098,32
1767953906,10:18:26,0.6698758645988844,0.33162032316932905,1.0014961877682134,41.893126,49.373126,22
1767953908,10:18:28,0.6674538728497587,0.33249935382814544,0.9999532266779041,160.36163,159.36163,41
1767953910,10:18:30,0.6668906297341585,0.3321361292484375,0.999026758982596,171.776834,273.44683399999997,23
1767953912,10:18:32,0.6588279302803932,0.3412076162585036,1.0000355465388968,244.35817699999998,237.164114,29
1767953914,10:18:34,0.6575544968361525,0.34399488128411904,1.0015493781202716,42.11817899999999,25.783029000000003,9
1767953916,10:18:36,0.6526395779286025,0.3477539267820977,1.0003935047107002,24.453114,28.737398,12
1767953918,10:18:38,0.6599999944421048,0.3400000055578952,1.0,14.393938,14.393938000000002,9
1767953920,10:18:40,0.6562094882940183,0.34481150856031156,1.0010209968543298,31.507097,37.707097000000005,15
1767953922,10:18:42,0.6561755646632065,0.3443681660899276,1.000543730753134,66.807567,73.257567,21
1767953924,10:18:44,0.6513491520283411,0.349168106823052,1.000517258851393,100.21142699999999,116.241427,22
1767953926,10:18:46,0.6546845724297742,0.3494470718712018,1.004131644300976,99.876447,90.42857,16
1767953928,10:18:48,0.6534630428327252,0.34936930557708595,1.0028323484098112,49.352335,91.34376,19
1767953930,10:18:50,0.6561242838748952,0.3443332696394173,1.0004575535143125,61.924236,66.92423600000001,18
1767953932,10:18:52,0.6333856734018973,0.3658010245069532,0.9991866979088505,340.349828,298.59982799999995,57
1767953934,10:18:54,0.6351207073366779,0.36716881846474464,1.0022895258014226,90.19749999999999,133.001482,25
1767953936,10:18:56,0.6331428011960573,0.36510484109680946,0.9982476422928668,44.695522,28.695522,18
1767953938,10:18:58,0.6305465670118197,0.36893078674667146,0.9994773537584911,73.185134,65.095134,21
1767953940,10:19:00,0.6322011887014524,0.36838749705832924,1.0005886857597817,43.443036000000006,59.303036000000006,16
1767953942,10:19:02,0.6369086759877342,0.36669640652008767,1.0036050825078218,28.949188,60.540536,9
1767953944,10:19:04,0.6360379656654332,0.3628462255491437,0.9988841912145769,54.39125,175.67125,16
1767953946,10:19:06,0.6754602609385137,0.32500463434400517,1.0004648952825188,1723.540515,1817.220515,89
1767953948,10:19:08,0.6791949364447456,0.32040416476257483,0.9995991012073204,1161.289036,1168.540466,90
1767953950,10:19:10,0.7100389578658881,0.2897494490476025,0.9997884069134906,107.818791,110.15879100000001,27
1767953952,10:19:12,0.7320209309560551,0.2678197487934702,0.9998406797495254,431.242031,422.66258,59
1767953954,10:19:14,0.7563475406707404,0.24372518378929062,1.000072724460031,177.96313699999996,162.64998300000002,52
1767953956,10:19:16,0.7456265186488747,0.25506904424370674,1.0006955628925815,218.10999600000002,149.17999600000002,22
1767953958,10:19:18,0.7520199208300384,0.24945983960082355,1.001479760430862,358.221218,285.801218,43
1767953960,10:19:20,0.7239874542572632,0.2748453563068632,0.9988328105641264,557.4059779999999,462.035978,62
1767953962,10:19:22,0.7254681427448997,0.2776025080138691,1.0030706507587688,309.948251,282.885517,23
1767953964,10:19:24,0.6981822310224062,0.3040189101521363,1.0022011411745424,1156.730875,1713.922541,89
1767953966,10:19:26,0.6862834103672971,0.31575985113757316,1.0020432615048702,773.868176,422.960188,67
1767953968,10:19:28,0.6915411757464824,0.3089307220090911,1.0004718977555735,334.04276,320.01990399999994,54
1767953970,10:19:30,0.6992740033685356,0.29627958665112625,0.9955535900196619,150.489128,318.77353100000005,48
1767953972,10:19:32,0.710288194236007,0.28975705888657394,1.000045253122581,486.6062969999999,556.6662969999999,81
1767953974,10:19:34,0.716672314982967,0.28299832579001893,0.999670640772986,114.01332699999999,146.48401499999997,26
1767953976,10:19:36,0.7199628177508278,0.2807568423734649,1.0007196601242927,156.007776,138.870343,37
1767953978,10:19:38,0.7278065441275718,0.2720803609418124,0.9998869050693843,199.81486999999998,203.27487000000002,30
1767953980,10:19:40,0.7045072798034518,0.29641492415618886,1.0009222039596408,533.9900349999999,503.99003500000003,48
1767953982,10:19:42,0.6848061885521618,0.3140929577943257,0.9988991463464876,1746.8931209999998,1510.6279470000002,133
1767953984,10:19:44,0.6532471166214735,0.34727082225723005,1.0005179388787035,1242.6226620000002,1035.993481,115
1767953986,10:19:46,0.638337249958934,0.3610343768687473,0.9993716268276813,186.438125,154.6825,59
1767953988,10:19:48,0.6554089618768715,0.3451845637685212,1.0005935256453926,111.173431,105.984832,46
1767953990,10:19:50,0.6676080631877721,0.33269648962396026,1.0003045528117323,445.607482,464.18924400000003,67
1767953992,10:19:52,0.6691290136881791,0.33274658453737543,1.0018755982255545,944.3419819999999,994.8476599999998,116
1767953994,10:19:54,0.6734971041395005,0.3252961204151843,0.9987932245546848,649.036271,550.2155260000001,46
1767953996,10:19:56,0.6682924024525638,0.33086246692615445,0.9991548693787182,202.948927,218.73892699999996,53
1767953998,10:19:58,0.6647403017849507,0.32996945852063525,0.9947097603055859,70.683909,154.67390899999998,24
1767954000,10:20:00,0.6608755000188697,0.33947048066257524,1.000345980681445,136.72484000000003,131.729769,26
1767954002,10:20:02,0.6632111203082233,0.3361514334207692,0.9993625537289925,53.751172,59.321172000000004,15
1767954004,10:20:04,0.6752143550746806,0.32750457063427507,1.0027189257089557,279.77061,274.19061000000005,50
1767954006,10:20:06,0.6765816062969336,0.324195635368873,1.0007772416658067,312.90404,252.60279,52
1767954008,10:20:08,0.6689433644697828,0.33173448799312755,1.0006778524629103,413.226413,335.331788,60
1767954010,10:20:10,0.6738991006672747,0.3263951584455822,1.0002942591128567,266.652923,408.036558,47
1767954012,10:20:12,0.6768153407103303,0.3247653183571575,1.0015806590674878,39.220296,51.063325000000006,26
1767954014,10:20:14,0.6767485971206618,0.32619423833786615,1.002942835458528,56.621762,62.961762,22
1767954016,10:20:16,0.6751476566338639,0.3258521701524606,1.0009998267863245,65.04177800000001,85.54177799999998,35
1767954018,10:20:18,0.674032983941234,0.3268530383317081,1.000886022272942,41.897055,42.317055,22
1767954020,10:20:20,0.6736627023672557,0.3279731712570887,1.0016358736243443,93.068231,117.211008,35
1767954022,10:20:22,0.6759672021349132,0.3253212179809602,1.0012884201158734,110.15717,83.48481899999999,36
1767954024,10:20:24,0.6864485556374034,0.31421885776845077,1.0006674134058542,427.05879500000003,476.3612949999999,43
1767954026,10:20:26,0.6828902860471946,0.3156314382829293,0.9985217243301239,42.420867,73.29836700000001,21
1767954028,10:20:28,0.6832110215615202,0.3176217084950039,1.000832730056524,105.072879,141.862879,26
1767954030,10:20:30,0.6810859300006183,0.31878154585015656,0.9998674758507748,360.740158,362.54015799999996,24
1767954032,10:20:32,0.6871985874306191,0.3127900934369863,0.9999886808676055,1232.467887,1237.467887,29
1767954034,10:20:34,0.687713978830014,0.3122860211699861,1.0,91.589668,91.589668,16
1767954036,10:20:36,0.6896868780626247,0.3103131219373752,1.0,255.493469,255.493469,26
1767954038,10:20:38,0.6953411995822212,0.3050645267805176,1.0004057263627388,1998.4802020000004,2061.460202,85
1767954040,10:20:40,0.7136592815928021,0.28692756862904784,1.00058685022185,736.4653940000001,674.077618,40
1767954042,10:20:42,0.7149370977413861,0.2861950872239063,1.0011321849652925,158.760118,122.481788,16
1767954044,10:20:44,0.7262289035435079,0.2731747094329541,0.999403612976462,326.5738610000001,305.363861,43
1767954046,10:20:46,0.7270952410042202,0.2720992214380822,0.9991944624423024,163.647487,178.807487,37
1767954048,10:20:48,0.727069179361512,0.2729229782796512,0.9999921576411632,225.602458,225.352458,33
1767954050,10:20:50,0.740542880009708,0.25939937523812784,0.9999422552478359,312.041219,282.04121900000007,60
1767954052,10:20:52,0.7450342517147844,0.2547940695086701,0.9998283212234546,41.846664,40.466664,15
1767954054,10:20:54,0.7493285586392121,0.25081128921231194,1.000139847851524,245.74,203.38,14
1767954056,10:20:56,0.7443935445387133,0.25464400950102023,0.9990375540397336,50.40742800000001,60.854096000000006,21
1767954058,10:20:58,0.7566251657088335,0.24627963503375105,1.0029048007425847,101.40753899999999,96.730698,26
1767954060,10:21:00,0.7564482169429373,0.24462875712631663,1.001076974069254,111.944202,86.416312,23
1767954062,10:21:02,0.7577284410467233,0.24319985098936642,1.0009282920360898,204.13314799999998,144.91314799999998,26
1767954064,10:21:04,0.7580365972993932,0.24442886163406494,1.002465458933458,109.35156599999999,86.862095,22
1767954066,10:21:06,0.7573392331403832,0.2422450141043011,0.9995842472446843,18.791575,22.271575,10
1767954068,10:21:08,0.7560682067194932,0.24435260863479044,1.0004208153542835,38.964724000000004,35.197357,13
1767954070,10:21:10,0.7507094415532951,0.249404985668021,1.000114427221316,117.215787,119.085787,18
1767954072,10:21:12,0.7766214716277345,0.22202776488184472,0.9986492365095793,510.39827699999995,499.85827700000004,62
1767954074,10:21:14,0.796363591621647,0.20379493552992503,1.000158527151572,113.7837,142.316726,34
1767954076,10:21:16,0.8291472068030755,0.17060324184238207,0.9997504486454576,7627.002975,6958.258835999999,107
1767954078,10:21:18,0.8155953106003376,0.1808167333940082,0.9964120439943458,265.444383,134.682922,24
1767954080,10:21:20,0.8105142979824215,0.18945779586952632,0.9999720938519479,522.8504469999998,311.511441,66
1767954082,10:21:22,0.8045803709986034,0.19511095174800636,0.9996913227466098,356.297514,321.075293,55
1767954084,10:21:24,0.7983409687845591,0.20137394361840355,0.9997149124029626,260.13350199999996,333.877456,57
1767954086,10:21:26,0.7983009924682853,0.20093339136134794,0.9992343838296333,488.93250000000006,465.2925000000001,37
1767954088,10:21:28,0.7949371677653961,0.2040554979722438,0.9989926657376399,149.14987599999998,123.875589,44
1767954090,10:21:30,0.7920394416004467,0.20815609123247159,1.0001955328329184,111.43117800000002,123.24879299999998,43
1767954092,10:21:32,0.7840923977367756,0.21597753273871384,1.0000699304754894,239.517555,248.44256399999998,61
1767954094,10:21:34,0.7841323411890169,0.2166074830608603,1.000739824249877,344.74890500000004,374.153445,61
1767954096,10:21:36,0.7875026762833424,0.21277280131402485,1.0002754775973672,211.09498799999997,150.48727,29
1767954098,10:21:38,0.7800000057270979,0.21999999427290198,0.9999999999999999,108.257271,108.257271,6
1767954100,10:21:40,0.7916511368641742,0.2083425860281735,0.9999937228923477,174.26708,173.60708,25
1767954102,10:21:42,0.7860316814046695,0.20458772892227187,0.9906194103269413,196.4875,88.8675,30
1767954104,10:21:44,0.785093226722383,0.21386596144941117,0.9989591881717942,389.884403,538.8244030000001,34
1767954106,10:21:46,0.8164591899782233,0.18329219941129946,0.9997513893895228,943.1528660000001,926.2262090000003,67
1767954108,10:21:48,0.8396885635272534,0.1590116371971267,0.9987002007243801,5040.1781980000005,4607.4994190000025,79
1767954110,10:21:50,0.810256348675758,0.1899985279210412,1.0002548765967991,351.09262700000005,341.10262700000004,20
1767954112,10:21:52,0.7826174545594862,0.21770200360840364,1.0003194581678898,1145.8348069999997,1250.4078119999997,92
1767954114,10:21:54,0.7732855104615739,0.22808100812089913,1.001366518582473,709.09167,956.1416699999999,80
1767954116,10:21:56,0.7830296926387235,0.2158023785697395,0.998832071208463,132.020567,181.05056700000003,38
1767954118,10:21:58,0.7927142957464869,0.20694600873533683,0.9996603044818237,151.09916099999998,204.36487399999996,35
1767954120,10:22:00,0.7923130741005352,0.20693444568780908,0.9992475197883443,147.844641,153.30892299999996,37
1767954122,10:22:02,0.7935175587354296,0.2067069732799637,1.0002245320153933,150.95714099999998,181.687141,43
1767954124,10:22:04,0.7910476868129818,0.2091947433144918,1.0002424301274735,639.3152339999999,755.600234,40
1767954126,10:22:06,0.8027328242920846,0.19735941304983087,1.0000922373419154,530.193838,548.7138380000001,71
1767954128,10:22:08,0.8111517156883287,0.18923852931527393,1.0003902450036026,143.16120000000004,162.1612,32
1767954130,10:22:10,0.8258389084119246,0.1747102425587395,1.000549150970664,143.71142700000001,129.580365,33
1767954132,10:22:12,0.8453111513920863,0.15446531708444772,0.999776468476534,221.160926,194.16092600000002,35
1767954134,10:22:14,0.8364663436324392,0.1629991047125412,0.9994654483449804,585.429398,661.0993980000001,42
1767954136,10:22:16,0.8603496064200626,0.1392176725488604,0.9995672789689231,688.9521649999999,599.5735920000001,72
1767954138,10:22:18,0.8604425911983467,0.14191352705605867,1.0023561182544054,144.478743,160.028205,44
1767954140,10:22:20,0.8508987626255451,0.14928179363309899,1.000180556258644,310.115421,320.243332,13
1767954142,10:22:22,0.851194841076738,0.1490530105388276,1.0002478516155657,526.0173609999999,370.226665,18
1767954144,10:22:24,0.860937554427857,0.1371193193320506,0.9980568737599076,1323.081672,531.6316720000001,41
1767954146,10:22:26,0.8607093295554796,0.13873713301052204,0.9994464625660017,353.806546,357.096546,26
1767954148,10:22:28,0.8601396134515641,0.139349449946927,0.9994890633984911,358.14285400000006,383.062854,15
1767954150,10:22:30,0.889775976288925,0.11484382409893719,1.0046198003878621,906.013069,714.4586280000002,68
1767954152,10:22:32,0.8991919852744541,0.10218586323466948,1.0013778485091236,255.948677,135.785348,44
1767954154,10:22:34,0.8968775458212324,0.10442298531904456,1.001300531140277,226.421289,137.710179,33
1767954156,10:22:36,0.9000000000000001,0.09999999999999999,1.0000000000000002,52.23331,110.05109,30
1767954158,10:22:38,0.9014053795277841,0.09914751235749349,1.0005528918852775,295.38618700000006,279.171906,31
1767954160,10:22:40,0.9184170286861498,0.08088462963730213,0.999301658323452,734.5226220000001,678.249987,38
1767954162,10:22:42,0.9187654652906385,0.08000000027225986,0.9987654655628984,329.516924,293.836924,20
1767954164,10:22:44,0.9125761104101192,0.08784261403014217,1.0004187244402614,339.743932,347.743932,22
1767954166,10:22:46,0.9160457635273459,0.08230225102125162,0.9983480145485976,471.85392499999995,367.99697000000003,41
1767954168,10:22:48,0.9137131454422209,0.080526379344887,0.994239524787108,1077.1078570000002,422.16785699999997,20
1767954170,10:22:50,0.9165516953150792,0.08101105265256625,0.9975627479676454,28.999978,98.906936,14
1767954172,10:22:52,0.9142094497388566,0.08693307359053444,1.0011425233293911,39.43004199999999,32.05222,11
1767954174,10:22:54,0.9267398644734597,0.07087517792458572,0.9976150423980454,40.826541999999996,150.826542,21
1767954176,10:22:56,0.9281724502666162,0.0700000015558588,0.998172451822475,28.945899,167.11028199999998,11
1767954178,10:22:58,0.9279599785385892,0.07287997627823038,1.0008399548168196,38.82317,43.403169999999996,16
1767954180,10:23:00,0.929999996066475,0.07000000094091167,0.9999999970073866,94.06320899999999,63.767942,21
1767954182,10:23:02,0.9214428714035088,0.0786206896551724,1.0000635610586812,210.526343,43.50000000000001,18
1767954184,10:23:04,0.93,0.07,1.0,12.2258,5.3758,5
1767954186,10:23:06,0.9279842598782292,0.07000000029727903,0.9979842601755082,168.52372799999998,134.55372799999998,14
1767954188,10:23:08,0.9065439479164925,0.09226616470979447,0.9988101126262869,607.646019,527.929552,100
1767954190,10:23:10,0.8976560364534923,0.1024479906143333,1.0001040270678256,918.9047770000003,889.4958940000004,128
1767954192,10:23:12,0.9228492861648732,0.07664692497629766,0.9994962111411708,3381.308455,3207.6956,58
1767954194,10:23:14,0.9150571530498741,0.08641475540331464,1.0014719084531887,152.25976599999998,194.51976599999998,22
1767954196,10:23:16,0.914689844428137,0.0893922627754699,1.004082107203607,28.067479,52.051921,11
1767954198,10:23:18,0.931734297450711,0.06921647769677075,1.0009507751474818,166.021832,165.35879,29
1767954200,10:23:20,0.934269149166073,0.06551952985610995,0.9997886790221829,299.798447,335.80987300000004,46
1767954202,10:23:22,0.9399999970264844,0.06460470823519933,1.0046047052616838,26.904182000000006,68.25274999999999,23
1767954204,10:23:24,0.9392890503673178,0.06146438794343758,1.0007534383107555,386.362166,420.46645,23
1767954206,10:23:26,0.933857147310734,0.06614285268926606,1.0,51.162565,51.162565,16
1767954208,10:23:28,0.9399999993599455,0.06000000043917595,0.9999999997991215,124.98933199999999,182.159332,10
1767954210,10:23:30,0.9333899796665461,0.06802903872709637,1.0014190183936424,186.303321,238.24226099999998,36
1767954212,10:23:32,0.9265783104224256,0.07570444095115392,1.0022827513735795,87.384505,67.491285,22
1767954214,10:23:34,0.9287639026691334,0.07750242553320467,1.006266328202338,26.697841,16.661285,9
1767954216,10:23:36,0.9294821103227313,0.07067708292052277,1.000159193243254,800.5567560000001,793.8467559999999,35
1767954218,10:23:38,0.9209537922485943,0.0749131101270387,0.995866902375633,132.67438499999997,81.96438500000001,23
1767954220,10:23:40,0.9268023632316942,0.07000000188030822,0.9968023651120024,39.091385,26.591385,11
1767954222,10:23:42,0.9236945695137686,0.07622380266432337,0.999918372178092,315.283812,325.36381199999994,29
1767954224,10:23:44,0.9241762336191973,0.07582376638080274,1.0,23.610183,23.610182999999996,11
1767954226,10:23:46,0.9299999131558748,0.06999999999999999,0.9999999131558748,16.926879,18.21,8
1767954228,10:23:48,0.9237933447445783,0.07842886041807148,1.0022222051626497,80.559132,59.32,10
1767954230,10:23:50,0.9407275737438471,0.05976037771165283,1.0004879514554998,368.22255099999995,283.695563,43
1767954232,10:23:52,0.9477435870941711,0.05204657280020956,0.9997901598943806,657.3092390000002,528.215952,49
1767954234,10:23:54,0.9399196102778914,0.060290746584884924,1.0002103568627763,225.590281,199.95006999999998,34
1767954236,10:23:56,0.9591279379628507,0.04079388625656325,0.9999218242194139,2271.7420500000007,2258.13205,51
1767954238,10:23:58,0.9600000000000001,0.039999999999999994,1.0,183.82495000000003,178.82495000000003,44
1767954240,10:24:00,0.9584413920519954,0.04119118496405105,0.9996325770160465,351.46747500000004,336.807475,33
1767954242,10:24:02,0.9553408748940396,0.04215803157308093,0.9974989064671206,136.07705,92.67705000000001,20
1767954244,10:24:04,0.9562376017803219,0.044198171866348356,1.0004357736466702,268.4458,264.4008,40
1767954246,10:24:06,0.9630591959104793,0.03584808843476933,0.9989072843452487,407.353748,443.28374799999995,38
1767954248,10:24:08,0.9672019721876998,0.030000000417202015,0.9972019726049017,410.038862,335.56886199999997,53
1767954250,10:24:10,0.9655730343149028,0.03246470027264042,0.9980377345875433,115.20306599999999,85.20306599999999,15
1767954252,10:24:12,0.9676280256781955,0.03116210603637712,0.9987901317145726,907.2610990000001,783.061099,38
1767954254,10:24:14,0.9665906552645551,0.033751257056150084,1.0003419123207051,810.4538479999999,797.203848,33
1767954256,10:24:16,0.959322808877313,0.032415066970688154,0.9917378758480012,225.340166,124.220166,29
1767954258,10:24:18,0.9728517198636507,0.02695955705344246,0.9998112769170932,129.07999999999998,124.62,18
1767954260,10:24:20,0.9788564161926219,0.021040210745402587,0.9998966269380245,350.5646,664.3846,41
1767954262,10:24:22,0.9728566163185507,0.023609343831430995,0.9964659601499817,235.36464999999998,418.16465,24
1767954264,10:24:24,0.9794890974282292,0.02,0.9994890974282292,336.6591,619.4591,14
1767954266,10:24:26,0.9709982166860538,0.025806292969344145,0.9968045096553979,363.405446,563.405446,42
1767954268,10:24:28,0.9701544620106756,0.0288034283519137,0.9989578903625893,1430.902,1020.432,31
1767954270,10:24:30,0.975591873641758,0.024557465275771406,1.0001493389175296,2192.1935839999996,1878.997465,44
1767954272,10:24:32,0.9788607594936709,0.02395604395604396,1.002816803449715,316.0,91.0,6
1767954274,10:24:34,0.9647086138847596,0.035476960857517385,1.000185574742277,602.790407,602.67,18
1767954276,10:24:36,0.9628575993050019,0.030000000000000002,0.992857599305002,126.93673299999999,38.6,11
1767954278,10:24:38,0.9643999999999999,0.033783783783783786,0.9981837837837837,125.0,185.0,17
1767954280,10:24:40,0.9700000000000002,0.030000000000000006,1.0000000000000002,572.5876,572.5876,12
1767954282,10:24:42,0.9699999998615572,0.030000000138442926,1.0,144.463866,144.463866,8
1767954284,10:24:44,0.9699999998375209,0.03000000016247908,1.0,123.092766,123.092766,6
1767954286,10:24:46,0.9654083923765377,0.03410257653863048,0.9995109689151682,132.894633,121.874633,15
1767954288,10:24:48,0.9635237000022535,0.03671211083322242,1.0002358108354759,449.24054800000005,481.460548,39
1767954290,10:24:50,0.9591845894274482,0.03000000010680224,0.9891845895342505,1030.5480309999998,468.15496499999995,28
1767954292,10:24:52,0.9601631081231515,0.039879864842487116,1.0000429729656386,919.635375,915.635375,18
1767954294,10:24:54,0.9529648241206029,0.047035175879396984,0.9999999999999999,199.0,199.0,16
1767954296,10:24:56,0.96,0.04,1.0,62.0,76.58,15
1767954298,10:24:58,0.9519653161565523,0.04000000000000001,0.9919653161565524,185.29665,50.72665,17
1767954300,10:25:00,0.9526094512570893,0.047605742549753645,1.0002151938068429,721.8949749999999,765.8949749999999,44
1767954302,10:25:02,0.9588927335640139,0.04,0.998892733564014,90.3125,56.80625,12
1767954304,10:25:04,0.9594217771658592,0.04245585021332504,1.0018776273791843,173.11665,183.27665,24
1767954306,10:25:06,0.9659948135638928,0.03348806956997041,0.9994828831338632,346.300998,318.800998,39
1767954308,10:25:08,0.9695507829254614,0.03056962532516843,1.0001204082506299,2389.0454990000003,1884.045499,35
1767954310,10:25:10,0.9696013608183434,0.030667973558921237,1.0002693343772646,295.003666,299.113666,23
1767954312,10:25:12,0.9682429697534789,0.03170464767440778,0.9999476174278867,260.837866,258.117866,14
1767954314,10:25:14,0.9676682677924943,0.03233173220750592,1.0000000000000002,107.216433,107.216433,20
1767954316,10:25:16,0.9687116262146355,0.030000000060475436,0.9987116262751109,187.212766,330.712766,16
1767954318,10:25:18,0.9659916117435589,0.03,0.9959916117435589,33.38,20.0,5
1767954320,10:25:20,0.9699999998135196,0.03145027507436953,1.001450274887889,160.874799,348.209832,19
1767954322,10:25:22,0.9680609540636043,0.030000000000000006,0.9980609540636043,90.56,73.0,11
1767954324,10:25:24,0.9584314690595939,0.030000000000000002,0.9884314690595939,632.6645999999998,211.68460000000002,29
1767954326,10:25:26,0.97,0.029999999999999995,1.0,30.0,30.0,6
1767954328,10:25:28,0.9700000000000001,0.029999999999999995,1.0,45.0,299.08000000000004,6
1767954330,10:25:30,0.9699999999999999,,,55.0,0,4
1767954332,10:25:32,0.9699999800560712,,,11.030926000000001,0,2
1767954334,10:25:34,0.9742449346545373,0.030000000000000006,1.0042449346545372,677.795873,71.64,12
1767954336,10:25:36,0.9774506930445584,0.03776023976023976,1.0152109328047982,298.944487,50.05,8
1767954338,10:25:38,0.9789659980485601,,,363.73244700000004,0,5
1767954340,10:25:40,0.9799997562351908,,,6.071426000000001,0,2
1767954342,10:25:42,0.9794497095434184,,,363.447953,0,6
1767954344,10:25:44,0.9799999744641917,,,118.265299,0,5
1767954346,10:25:46,0.9773515723018905,0.029999998760869562,1.00735157106276,145.671834,766.666665,8
1767954348,10:25:48,0.9799999984085721,0.029999971199998848,1.0099999696085709,1533.2142780000001,33.333332,6
1767954350,10:25:50,0.979999927737357,,,20.204077,0,4
1767954352,10:25:52,0.9799998772524909,,,5.051019,0,1
1767954354,10:25:54,0.9799999979034131,0.020000000000000007,0.9999999979034131,324.336666,304.1432,30
1767954356,10:25:56,0.98,0.02,1.0,5.051,5.051,3
1767954358,10:25:58,0.98,0.019999999999999997,1.0,14.1836,14.1836,6
1767954360,10:26:00,0.9799999999999999,0.025562296256231087,1.005562296256231,6.071400000000001,13.6814,5
1767954362,10:26:02,0.98,0.020000000000000004,1.0,1.0204,1.0204,3
1767954364,10:26:04,0.9800000000000003,0.020000000000000004,1.0000000000000002,352.99639999999994,341.0063999999999,28
1767954366,10:26:06,0.98,0.02,1.0,63.2629,63.2629,16
1767954368,10:26:08,0.9795006728866973,0.020932171271870564,1.000432844158568,282.17975,271.916082,20
1767954370,10:26:10,0.9791394113913119,0.019999999999999976,0.9991394113913119,2436.3563249999997,1456.92,96
1767954372,10:26:12,0.9843919338974574,0.01595374889706802,1.0003456827945254,77.3707,83.9807,13
1767954374,10:26:14,0.9896796796024684,0.010269239765981103,0.9999489193684495,1866.8808,1857.0808,25
1767954376,10:26:16,0.9876844494892169,0.0123155505107832,1.0,220.25,220.25,12
1767954378,10:26:18,0.981776830135039,0.01,0.991776830135039,28.14,5.0,5
1767954380,10:26:20,0.9898353682582341,0.010000000000000004,0.9998353682582342,313.42680000000007,308.2668,15
1767954382,10:26:22,0.9884497337805334,0.009999999999999998,0.9984497337805334,129.0101,342.5801,10
1767954384,10:26:24,0.9900000000000001,0.010000000000000002,1.0,417.4444,417.4444,23
1767954386,10:26:26,0.9895487052009203,0.010000000000000005,0.9995487052009203,2081.5661999999998,1987.6261999999997,49
1767954388,10:26:28,0.9886232468643011,0.012511202584124807,1.001134449448426,628.2172,730.3672,25
1767954390,10:26:30,0.9898974355676071,0.010000000000000002,0.9998974355676071,2923.0406000000003,2214.6305999999995,38
1767954392,10:26:32,0.9900774668723724,0.010000000000000002,1.0000774668723724,581.475005,329.03,23
1767954394,10:26:34,0.9900000000000001,0.01,1.0,364.14,200.0,15
1767954396,10:26:36,0.99,,,242.97,0,5
1767954398,10:26:38,0.9928958449161096,0.010000000000000002,1.0028958449161096,93.330029,20.58,7
1767954400,10:26:40,0.9900000000000001,,,25.69,0,3
1767954402,10:26:42,0.99,0.01,1.0,100.0,100.0,2
1767954404,10:26:44,0.998,,,1.0,0,1
1767954406,10:26:46,0.9907343494031041,0.009402886050754688,1.000137235453859,122.582002,120.58,7
1767954408,10:26:48,0.9989999609990385,,,25.025024,0,1
1767954410,10:26:50,0.99,0.01,1.0,200.0,200.0,2
1767954414,10:26:54,0.9899999999999999,,,839.99,0,8
1767954416,10:26:56,0.99,0.010000000000000002,1.0,63.47,20.58,4
1767954418,10:26:58,0.99,0.01,1.0,1126.1699999999998,999.0,13
1767954422,10:27:02,0.99,,,0.4,0,1
1767954424,10:27:04,0.9950258147954048,0.010000000000000002,1.0050258147954048,46.606024999999995,20.58,4
1767954426,10:27:06,0.9900000000000001,0.01,1.0,484.0,484.0,3
1767954428,10:27:08,0.9963139628952062,,,40.610009000000005,0,3
1767954430,10:27:10,0.9900563165195172,0.01,1.000056316519517,159.971001,100.0,4
1767954432,10:27:12,0.9908114934861553,,,371.870009,0,3
1767954434,10:27:14,0.99,,,1.02,0,1
1767954436,10:27:16,0.99,0.010000000000000002,1.0,20.58,20.58,2
1767954438,10:27:18,0.9990000008991001,,,10.010009,0,1
1767954444,10:27:24,0.9929450821671872,0.010000000000000002,1.0029450821671873,30.590009,20.58,3
1767954446,10:27:26,0.99,,,62.760000000000005,0,5
1767954448,10:27:28,0.9990000008991001,,,10.010009,0,1
1767954452,10:27:32,0.9910000000000001,0.009000000000000001,1.0,20.58,20.58,2
1767954454,10:27:34,0.9969099652280682,,,20.325014,0,3
1767954458,10:27:38,0.9960000000000001,0.004,1.0,10.04,10.04,2
1767954464,10:27:44,0.9901766437685735,0.01,1.0001766437685735,510.010009,500.0,3
1767954466,10:27:46,0.9920024558675913,0.002,0.9940024558675913,130.020039,10.0,3
1767954468,10:27:48,0.9926761866996594,0.009000000000000001,1.0016761866996593,191.10003799999998,20.58,5
1767954474,10:27:54,0.9920037602808476,0.005000000000000001,0.9970037602808476,40.050200000000004,102.3702,6
1767954476,10:27:56,0.9907135101874733,0.009286489812526673,1.0,1007.6100000000001,1007.61,5
1767954478,10:27:58,0.9903049012882079,0.009695098711792057,1.0,1443.09,1443.09,24
1767954480,10:28:00,0.9915485869144406,0.008451413085559429,1.0,25.83,25.83,4
1767954482,10:28:02,0.9900000000000001,0.01,1.0,154.0,154.0,6
1767954484,10:28:04,0.99,0.01,1.0,3941.8,3941.8,20
1767954486,10:28:06,0.9900000000000001,0.010000000000000002,1.0,626.92,606.92,5
1767954488,10:28:08,0.99,0.009999999999999998,1.0,26.19,20.19,3
1767954490,10:28:10,0.9902215292779202,0.009546315511451535,0.9997678447893718,2171.09,1060.12,5
1767954492,10:28:12,0.9900000000000003,0.01,1.0000000000000002,1584.2399999999998,1262.8,40
1767954494,10:28:14,0.9900000000000001,0.009849292617222085,0.9998492926172222,538.0600000000001,530.83,7
1767954496,10:28:16,0.9900000000000001,0.009510108994092686,0.9995101089940928,120.13,120.19,6
1767954498,10:28:18,0.99,0.01,1.0,106.0,100.0,3
1767954502,10:28:22,0.99,0.01,1.0,2000.0,2000.0,4
1767954506,10:28:26,0.99,0.01,1.0,100.0,100.0,2
1767954508,10:28:28,0.99,0.01,1.0,420.19,420.19,4
1767954510,10:28:30,0.9917999999999999,0.01,1.0017999999999998,250.0,200.0,3
1767954516,10:28:36,0.9987120960451893,0.002,1.0007120960451892,34.734733,10.0,3
1767954518,10:28:38,0.99,0.010000000000000002,1.0,20.58,20.58,2
1767954522,10:28:42,0.99,0.01,1.0,165.32,100.0,3
1767954524,10:28:44,0.99,0.01,1.0,300.0,300.0,2
1767954526,10:28:46,0.9909862378533024,0.009013762146697578,1.0,202.73,202.73,6
1767954534,10:28:54,0.9910000089100001,0.008752293658277925,0.999752302568278,111.11111,121.11111,3
1767954536,10:28:56,0.991,0.009000000000000001,1.0,18.75,18.75,2
1767954540,10:29:00,0.995,0.005,1.0,40.0402,40.0402,2
1767954542,10:29:02,0.995,0.005000000000000001,1.0,883.87,883.87,4
1767954544,10:29:04,0.9950000000000001,0.005000000000000001,1.0,20.83,20.83,2
1767954546,10:29:06,0.9950000000000001,0.005000000000000001,1.0,20.83,20.83,2
1767954548,10:29:08,0.995,,,1.24,0,1
1767954554,10:29:14,0.9949999999999999,,,10.0,0,1
1767954564,10:29:24,0.998,0.002,1.0,10.0,10.0,2
1767954568,10:29:28,0.9962007189934092,0.002,0.9982007189934092,50.07,20.04,3
1767954570,10:29:30,0.995,0.004999999999999999,1.0,20.19,20.19,2
1767954572,10:29:32,0.9980038922159564,0.002,1.0000038922159564,10.040039,10.0,2
1767954574,10:29:34,0.996194640804851,,,31.932071,0,2
1767954576,10:29:36,0.9952083775532214,0.005559046264757433,1.000767423817979,1454.374813,1209.56,12
1767954578,10:29:38,0.9900730119284294,0.009960007187271996,1.0000330191157014,1005.9999999999999,1836.58,16
1767954580,10:29:40,0.9900418680984783,0.009999999999999998,1.0000418680984782,430.35200199999997,106.92,8
1767954582,10:29:42,,0.01,,0,100.0,1
1767954584,10:29:44,0.9949999999999999,0.005,0.9999999999999999,40.0,40.0,4
1767954586,10:29:46,0.9989310760747824,0.003972057448536963,1.0029031335233194,290.175,326.20500000000004,4
1767954588,10:29:48,,0.009999999999999998,,0,20.19,1
1767954592,10:29:52,,0.002,,0,10.0,1
1767954594,10:29:54,0.999,0.007503918517512856,1.0065039185175129,29.719,670.279,3
1767954596,10:29:56,,0.001,,0,50.0,1
1767954600,10:30:00,,0.010000000000000002,,0,20.58,1
1767954602,10:30:02,,0.002,,0,10.0,1
1767954604,10:30:04,0.9989999999999999,0.0010004579684347416,1.0000004579684347,16212.480000000001,16201.99,10
1767954606,10:30:06,0.999,0.001,1.0,13510.0,13510.0,3
1767954620,10:30:20,0.9989999999999999,,,25.76,0,1
1767954650,10:30:50,0.9990000000000001,0.0010000000000000002,1.0,20.83,20.83,2
1767954654,10:30:54,0.999,,,10.74,0,1
1767954660,10:31:00,0.9990000000000001,0.0010000000000000002,1.0,20.83,20.83,2
1767954662,10:31:02,0.999,0.001,1.0,139.04,139.04,2
1767954672,10:31:12,0.9990000000000001,,,3.34,0,1
